p_value,non_zero_elements
1,11059200
0.5,5526720
0.25,1380960
0.125,344880
0.0625,86040
0.03125,21420
0.015625,5310
0.0078125,1305
